"Record.Start.Time","Record.End.Time","Date.of.Transaction","Batch_Number","Select.Account.Type","Select.Category","Select.Category.1","Select.Category.2","Select.Category.3","Description","Quantity","Unit.Price..UGX.","Amount_UGX","Amount.Calculated..UGX.","Comment","Please.take.photo.of.any.receipt.or.proof.of.payment","Please.take.photo.of.any.receipt.or.proof.of.payment_URL","X_id","X_uuid","X_submission_time","X_validation_status","X_notes","X_status","X_submitted_by","X__version__","X_tags","X_index"
"2025-01-31","2025-01-31","2025-01-28","Batch 4","Cost of Goods Sold (COGS)","","","Chicks Purchased","","Joseph bought 250 Day old chicks ",250,2900,725000,725000,"Joseph went to buy ","1738342006275.jpg","https://kc.kobotoolbox.org/media/original?media_file=mattkuch87%2Fattachments%2F465cf73fec9d4570897ec1ad4b0948db%2Ff316ff8d-0a5a-448e-9f18-a1fae6e120b8%2F1738342006275.jpg",435824212,"f316ff8d-0a5a-448e-9f18-a1fae6e120b8","2025-01-31",NA,NA,"submitted_via_web","mattkuch87","vndXtdUm72BfFettfRRAK9",NA,2
"2025-02-04","2025-02-04","2025-02-03","Batch 4","Cost of Goods Sold (COGS)","","","Veterinary Supplies","","500 doses of Newcastle ib for week 1",500,20,10000,10000,"Balance from sales ","1738662068344.jpg","https://kc.kobotoolbox.org/media/original?media_file=mattkuch87%2Fattachments%2F465cf73fec9d4570897ec1ad4b0948db%2Fed1ae2c7-4428-443b-821f-6cb7ed08fc4c%2F1738662068344.jpg",436871999,"ed1ae2c7-4428-443b-821f-6cb7ed08fc4c","2025-02-04",NA,NA,"submitted_via_web","mattkuch87","vndXtdUm72BfFettfRRAK9",NA,4
"2025-02-04","2025-02-04","2025-02-04","Batch 4","Operating Expenditure (OPEX)","","Utilities (Electricity, Water, etc.)","","","Charcoal",1,65000,65000,65000,"Cash at hand","1738677179361.jpg","https://kc.kobotoolbox.org/media/original?media_file=mattkuch87%2Fattachments%2F465cf73fec9d4570897ec1ad4b0948db%2F188c5375-8c08-445d-bd50-1fc3da1b656f%2F1738677179361.jpg",436978487,"188c5375-8c08-445d-bd50-1fc3da1b656f","2025-02-04",NA,NA,"submitted_via_web","mattkuch87","vndXtdUm72BfFettfRRAK9",NA,5
"2025-02-06","2025-02-06","2025-02-06","Batch 4","Operating Expenditure (OPEX)","","Other Operating Expenses","","","Ultra clean disinfectant ",500,20000,20000,10000000,"Withdrawn money ","1738852203536.jpg","https://kc.kobotoolbox.org/media/original?media_file=mattkuch87%2Fattachments%2F465cf73fec9d4570897ec1ad4b0948db%2Ff209b46d-9634-4d25-bc07-7773776830dd%2F1738852203536.jpg",437801554,"f209b46d-9634-4d25-bc07-7773776830dd","2025-02-06",NA,NA,"submitted_via_web","mattkuch87","vndXtdUm72BfFettfRRAK9",NA,8
"2025-02-07","2025-02-07","2025-02-07","Batch 4","Cost of Goods Sold (COGS)","","","Veterinary Supplies","","Multivitamin ",1,47000,47000,47000,"Withdrawn money ","1738918598119.jpg","https://kc.kobotoolbox.org/media/original?media_file=mattkuch87%2Fattachments%2F465cf73fec9d4570897ec1ad4b0948db%2F1b68b746-a364-4bd6-81f5-a2316a0509fd%2F1738918598119.jpg",438059752,"1b68b746-a364-4bd6-81f5-a2316a0509fd","2025-02-07",NA,NA,"submitted_via_web","mattkuch87","vndXtdUm72BfFettfRRAK9",NA,11
"2025-02-07","2025-02-07","2025-02-07","Batch 6","Cost of Goods Sold (COGS)","","","Chicks Purchased","","Day old chicks from ken chicks ",350,3200,1120000,1120000,"Withdrawn money ","1738918781499.jpg","https://kc.kobotoolbox.org/media/original?media_file=mattkuch87%2Fattachments%2F465cf73fec9d4570897ec1ad4b0948db%2Fd10e47ac-659a-4507-8be6-6e588fdc3aba%2F1738918781499.jpg",438070126,"d10e47ac-659a-4507-8be6-6e588fdc3aba","2025-02-07",NA,NA,"submitted_via_web","mattkuch87","vndXtdUm72BfFettfRRAK9",NA,12
"2025-02-07","2025-02-07","2025-02-07","Batch 6","Operating Expenditure (OPEX)","","Transportation Costs","","","From home to gayaza and back to home ",5000,5000,5000,25000000,"Withdrawn money ","1738920548731.jpg","https://kc.kobotoolbox.org/media/original?media_file=mattkuch87%2Fattachments%2F465cf73fec9d4570897ec1ad4b0948db%2F637db048-cf31-4bd1-ace0-d17f6cace1c5%2F1738920548731.jpg",438071727,"637db048-cf31-4bd1-ace0-d17f6cace1c5","2025-02-07",NA,NA,"submitted_via_web","mattkuch87","vndXtdUm72BfFettfRRAK9",NA,13
"2025-02-10","2025-02-10","2025-02-10","Batch 4","Cost of Goods Sold (COGS)","","","Veterinary Supplies","","Gombolo vaccine ",1000,13,13000,13000,"Withdrawn money ","1739181593398.jpg","https://kc.kobotoolbox.org/media/original?media_file=mattkuch87%2Fattachments%2F465cf73fec9d4570897ec1ad4b0948db%2Feebb5f2f-c50e-499b-bbae-0093c716686b%2F1739181593398.jpg",438972154,"eebb5f2f-c50e-499b-bbae-0093c716686b","2025-02-10",NA,NA,"submitted_via_web","mattkuch87","vndXtdUm72BfFettfRRAK9",NA,14
"2025-02-10","2025-02-10","2025-02-10","Batch 4","Operating Expenditure (OPEX)","","Transportation Costs","","","Transport from kiziri to kiwenda then to busiika and back to kiziri ",5000,5000,5000,25000000,"Withdrawn money ","1739182045060.jpg","https://kc.kobotoolbox.org/media/original?media_file=mattkuch87%2Fattachments%2F465cf73fec9d4570897ec1ad4b0948db%2F3a70b851-b833-4128-95ef-8c71790a6626%2F1739182045060.jpg",438974910,"3a70b851-b833-4128-95ef-8c71790a6626","2025-02-10",NA,NA,"submitted_via_web","mattkuch87","vndXtdUm72BfFettfRRAK9",NA,15
"2025-02-10","2025-02-10","2025-02-10","Batch 4","Operating Expenditure (OPEX)","","Transportation Costs","","","From kiziri to kiwenda and back to kiziri ",2000,2000,2000,4000000,"Cash at hand ","1739207490521.jpg","https://kc.kobotoolbox.org/media/original?media_file=mattkuch87%2Fattachments%2F465cf73fec9d4570897ec1ad4b0948db%2F95d4c635-85e1-4b2d-a236-a7f548a9f81e%2F1739207490521.jpg",439150263,"95d4c635-85e1-4b2d-a236-a7f548a9f81e","2025-02-10",NA,NA,"submitted_via_web","mattkuch87","vndXtdUm72BfFettfRRAK9",NA,17
"2025-02-10","2025-02-10","2025-02-10","Batch 6","Operating Expenditure (OPEX)","","Other Operating Expenses","","","Wood hasks",5,5000,25000,25000,"Withdrawn money ","1739207868118.jpg","https://kc.kobotoolbox.org/media/original?media_file=mattkuch87%2Fattachments%2F465cf73fec9d4570897ec1ad4b0948db%2F668ec5a7-9b4f-4301-9378-3155f186aa14%2F1739207868118.jpg",439153307,"668ec5a7-9b4f-4301-9378-3155f186aa14","2025-02-10",NA,NA,"submitted_via_web","mattkuch87","vndXtdUm72BfFettfRRAK9",NA,18
"2025-02-12","2025-02-12","2025-02-11","Batch 4","Cost of Goods Sold (COGS)","","","Feed Costs","","Hendrix concentrate ",50,4300,215000,215000,"Withdrawn money ","1739338258009.jpg","https://kc.kobotoolbox.org/media/original?media_file=mattkuch87%2Fattachments%2F465cf73fec9d4570897ec1ad4b0948db%2Fb43d4726-3ed6-4828-bca7-15751a5d24af%2F1739338258009.jpg",439725420,"b43d4726-3ed6-4828-bca7-15751a5d24af","2025-02-12",NA,NA,"submitted_via_web","mattkuch87","vndXtdUm72BfFettfRRAK9",NA,19
"2025-02-12","2025-02-12","2025-02-11","Batch 4","Cost of Goods Sold (COGS)","","","Feed Costs","","Broken maize ",120,1200,144000,144000,"Withdrawn money ","1739338368692.jpg","https://kc.kobotoolbox.org/media/original?media_file=mattkuch87%2Fattachments%2F465cf73fec9d4570897ec1ad4b0948db%2F8925c11d-568b-406e-a23a-81ab11d78615%2F1739338368692.jpg",439725802,"8925c11d-568b-406e-a23a-81ab11d78615","2025-02-12",NA,NA,"submitted_via_web","mattkuch87","vndXtdUm72BfFettfRRAK9",NA,20
"2025-02-12","2025-02-12","2025-02-11","Batch 6","Cost of Goods Sold (COGS)","","","Feed Costs","","Starter crumble ",50,2900,145000,145000,"Withdrawn money ","1739338717246.jpg","https://kc.kobotoolbox.org/media/original?media_file=mattkuch87%2Fattachments%2F465cf73fec9d4570897ec1ad4b0948db%2F3b69d767-45c6-4860-ae35-425787de4a11%2F1739338717246.jpg",439727015,"3b69d767-45c6-4860-ae35-425787de4a11","2025-02-12",NA,NA,"submitted_via_web","mattkuch87","vndXtdUm72BfFettfRRAK9",NA,22
"2025-02-12","2025-02-12","2025-02-11","Batch 4","Operating Expenditure (OPEX)","","Transportation Costs","","","From the farm to kiwenda, busiika and back to the farm ",10000,10000,10000,100000000,"Withdrawn money ","1739338988330.jpg","https://kc.kobotoolbox.org/media/original?media_file=mattkuch87%2Fattachments%2F465cf73fec9d4570897ec1ad4b0948db%2F073ee8ae-015b-4ed1-94f7-2e5a733ebcce%2F1739338988330.jpg",439727964,"073ee8ae-015b-4ed1-94f7-2e5a733ebcce","2025-02-12",NA,NA,"submitted_via_web","mattkuch87","vndXtdUm72BfFettfRRAK9",NA,23
"2025-02-12","2025-02-12","2025-02-11","Batch 6","Operating Expenditure (OPEX)","","Other Operating Expenses","","","Wood shavings ",5,5000,25000,25000,"Withdrawn money ","1739339216325.jpg","https://kc.kobotoolbox.org/media/original?media_file=mattkuch87%2Fattachments%2F465cf73fec9d4570897ec1ad4b0948db%2F5fb8de92-04fc-43d2-abd2-ca8f3299d9e4%2F1739339216325.jpg",439729018,"5fb8de92-04fc-43d2-abd2-ca8f3299d9e4","2025-02-12",NA,NA,"submitted_via_web","mattkuch87","vndXtdUm72BfFettfRRAK9",NA,24
"2025-02-12","2025-02-12","2025-02-11","Batch 6","Operating Expenditure (OPEX)","","Transportation Costs","","","Transport for the wood shavings ",10000,10000,10000,100000000,"Withdrawn money ","1739339455303.jpg","https://kc.kobotoolbox.org/media/original?media_file=mattkuch87%2Fattachments%2F465cf73fec9d4570897ec1ad4b0948db%2Fee72bda5-f2dd-4c7e-ba4d-324ddb7b348b%2F1739339455303.jpg",439729793,"ee72bda5-f2dd-4c7e-ba4d-324ddb7b348b","2025-02-12",NA,NA,"submitted_via_web","mattkuch87","vndXtdUm72BfFettfRRAK9",NA,25
"2025-02-13","2025-02-13","2025-02-13","Batch 5","Cost of Goods Sold (COGS)","","","Feed Costs","","Starter Crumble for Batch 5",100,2800,280000,280000,"Bought from UGA chick ","1739440699124.jpg","https://kc.kobotoolbox.org/media/original?media_file=mattkuch87%2Fattachments%2F465cf73fec9d4570897ec1ad4b0948db%2F9b40351e-d7ff-4a62-b003-cc0e41bc20bd%2F1739440699124.jpg",440291261,"9b40351e-d7ff-4a62-b003-cc0e41bc20bd","2025-02-13",NA,NA,"submitted_via_web","mattkuch87","vndXtdUm72BfFettfRRAK9",NA,26
"2025-02-13","2025-02-13","2025-02-13","Batch 6","Cost of Goods Sold (COGS)","","","Feed Costs","","Hendrix starter crumble ",100,2940,147000,294000,"Withdrawn money ","1739456689004.jpg","https://kc.kobotoolbox.org/media/original?media_file=mattkuch87%2Fattachments%2F465cf73fec9d4570897ec1ad4b0948db%2F104a95fa-4e14-42cc-a736-9ce03474dc28%2F1739456689004.jpg",440433733,"104a95fa-4e14-42cc-a736-9ce03474dc28","2025-02-13",NA,NA,"submitted_via_web","mattkuch87","vndXtdUm72BfFettfRRAK9",NA,27
"2025-02-13","2025-02-13","2025-02-13","Batch 6","Operating Expenditure (OPEX)","","Transportation Costs","","","Transport from the farm to busiika and back to the farm ",4000,4000,4000,16000000,"Withdrawn money ","1739457162521.jpg","https://kc.kobotoolbox.org/media/original?media_file=mattkuch87%2Fattachments%2F465cf73fec9d4570897ec1ad4b0948db%2Fe3cf0788-0b0b-42fb-8f91-c701e9120451%2F1739457162521.jpg",440437837,"e3cf0788-0b0b-42fb-8f91-c701e9120451","2025-02-13",NA,NA,"submitted_via_web","mattkuch87","vndXtdUm72BfFettfRRAK9",NA,28
"2025-02-13","2025-02-13","2025-02-13","Batch 6","Operating Expenditure (OPEX)","","Other Operating Expenses","","","Charcoal ",1,75000,75000,75000,"Withdrawn money ","1739457827519.jpg","https://kc.kobotoolbox.org/media/original?media_file=mattkuch87%2Fattachments%2F465cf73fec9d4570897ec1ad4b0948db%2F0280cb03-831a-4f04-bacd-64279e1b9b91%2F1739457827519.jpg",440443827,"0280cb03-831a-4f04-bacd-64279e1b9b91","2025-02-13",NA,NA,"submitted_via_web","mattkuch87","vndXtdUm72BfFettfRRAK9",NA,29
"2025-02-13","2025-02-13","2025-02-13","Batch 6","Operating Expenditure (OPEX)","","Transportation Costs","","","Transportation of charcoal ",2000,2000,2000,4000000,"Withdrawn money ","1739458084213.jpg","https://kc.kobotoolbox.org/media/original?media_file=mattkuch87%2Fattachments%2F465cf73fec9d4570897ec1ad4b0948db%2Fcb3f4561-4fe4-4fc2-a65f-4f2ebc962999%2F1739458084213.jpg",440445439,"cb3f4561-4fe4-4fc2-a65f-4f2ebc962999","2025-02-13",NA,NA,"submitted_via_web","mattkuch87","vndXtdUm72BfFettfRRAK9",NA,30
"2025-02-17","2025-02-17","2025-02-17","Batch 4","Cost of Goods Sold (COGS)","","","Veterinary Supplies","","Newcastle ib ",500,24,12000,12000,"Balance from the withdrawn money and the one that was added ","1739785424962.jpg","https://kc.kobotoolbox.org/media/original?media_file=mattkuch87%2Fattachments%2F465cf73fec9d4570897ec1ad4b0948db%2F98d3b52e-96de-4f9c-ac3e-bbcb73d00a39%2F1739785424962.jpg",441660077,"98d3b52e-96de-4f9c-ac3e-bbcb73d00a39","2025-02-17",NA,NA,"submitted_via_web","mattkuch87","vndXtdUm72BfFettfRRAK9",NA,32
"2025-02-17","2025-02-17","2025-02-17","Batch 4","Cost of Goods Sold (COGS)","","","Feed Costs","","Broken maize ",120,1300,156000,156000,"Balance from the withdrawn money and the one that was added ","1739785591322.jpg","https://kc.kobotoolbox.org/media/original?media_file=mattkuch87%2Fattachments%2F465cf73fec9d4570897ec1ad4b0948db%2F68b55c0b-e493-4fc6-bb41-c943c54f105d%2F1739785591322.jpg",441661074,"68b55c0b-e493-4fc6-bb41-c943c54f105d","2025-02-17",NA,NA,"submitted_via_web","mattkuch87","vndXtdUm72BfFettfRRAK9",NA,33
"2025-02-17","2025-02-17","2025-02-17","Batch 4","Cost of Goods Sold (COGS)","","","Feed Costs","","Hendrix concentrate ",50,4300,215000,215000,"Balance from the withdrawn money and the one that was added ","1739785784137.jpg","https://kc.kobotoolbox.org/media/original?media_file=mattkuch87%2Fattachments%2F465cf73fec9d4570897ec1ad4b0948db%2Fa571c687-269f-4b11-9a9b-efb17327e81f%2F1739785784137.jpg",441662635,"a571c687-269f-4b11-9a9b-efb17327e81f","2025-02-17",NA,NA,"submitted_via_web","mattkuch87","vndXtdUm72BfFettfRRAK9",NA,34
"2025-02-17","2025-02-17","2025-02-17","Batch 4","Operating Expenditure (OPEX)","","Transportation Costs","","","From the farm to kiwenda and to busiika and then back to the farm ",1,8000,8000,8000,"Balance from the withdrawn money and the one that was added ","1739786029005.jpg","https://kc.kobotoolbox.org/media/original?media_file=mattkuch87%2Fattachments%2F465cf73fec9d4570897ec1ad4b0948db%2F2864b736-b169-43c5-be4e-308330df3fbf%2F1739786029005.jpg",441664221,"2864b736-b169-43c5-be4e-308330df3fbf","2025-02-17",NA,NA,"submitted_via_web","mattkuch87","vndXtdUm72BfFettfRRAK9",NA,35
"2025-02-18","2025-02-18","2025-02-18","Batch 5","Operating Expenditure (OPEX)","","Other Operating Expenses","","","Charcoal ",1,75000,75000,75000,"Money sent on mobile ","1739892356647.jpg","https://kc.kobotoolbox.org/media/original?media_file=mattkuch87%2Fattachments%2F465cf73fec9d4570897ec1ad4b0948db%2F965050c2-a011-46f7-90ca-de2faf0ea9a4%2F1739892356647.jpg",442353783,"965050c2-a011-46f7-90ca-de2faf0ea9a4","2025-02-18",NA,NA,"submitted_via_web","mattkuch87","vndXtdUm72BfFettfRRAK9",NA,36
"2025-02-18","2025-02-18","2025-02-18","Batch 5","Operating Expenditure (OPEX)","","Transportation Costs","","","Charcoal ",1,2000,2000,2000,"Money sent on mobile ","1739892492628.jpg","https://kc.kobotoolbox.org/media/original?media_file=mattkuch87%2Fattachments%2F465cf73fec9d4570897ec1ad4b0948db%2Fb89ea4b8-856c-4830-a778-b7714750fdcb%2F1739892492628.jpg",442354877,"b89ea4b8-856c-4830-a778-b7714750fdcb","2025-02-18",NA,NA,"submitted_via_web","mattkuch87","vndXtdUm72BfFettfRRAK9",NA,37
"2025-02-18","2025-02-18","2025-02-18","Batch 6","Operating Expenditure (OPEX)","","Other Operating Expenses","","","Charcoal ",1,75000,75000,75000,"Money sent on mobile ","1739892573151.jpg","https://kc.kobotoolbox.org/media/original?media_file=mattkuch87%2Fattachments%2F465cf73fec9d4570897ec1ad4b0948db%2F06d2d8ce-b7f6-47bb-8a20-4dc22326c412%2F1739892573151.jpg",442355576,"06d2d8ce-b7f6-47bb-8a20-4dc22326c412","2025-02-18",NA,NA,"submitted_via_web","mattkuch87","vndXtdUm72BfFettfRRAK9",NA,38
"2025-02-18","2025-02-18","2025-02-18","Batch 6","Operating Expenditure (OPEX)","","Transportation Costs","","","Charcoal ",1,2000,2000,2000,"Money sent on mobile ","1739892674969.jpg","https://kc.kobotoolbox.org/media/original?media_file=mattkuch87%2Fattachments%2F465cf73fec9d4570897ec1ad4b0948db%2F8ba087a5-c7eb-4d58-b05d-30805abf37bd%2F1739892674969.jpg",442356299,"8ba087a5-c7eb-4d58-b05d-30805abf37bd","2025-02-18",NA,NA,"submitted_via_web","mattkuch87","vndXtdUm72BfFettfRRAK9",NA,39
"2025-02-18","2025-02-18","2025-02-18","Batch 6","Cost of Goods Sold (COGS)","","","Veterinary Supplies","","Newcastle ib ",500,24,12000,12000,"Balance of the withdrawn money and the one that was added ","1739893816900.jpg","https://kc.kobotoolbox.org/media/original?media_file=mattkuch87%2Fattachments%2F465cf73fec9d4570897ec1ad4b0948db%2Fa4dc599d-c6ed-403a-a1a1-da6fa0a03cef%2F1739893816900.jpg",442364464,"a4dc599d-c6ed-403a-a1a1-da6fa0a03cef","2025-02-18",NA,NA,"submitted_via_web","mattkuch87","vndXtdUm72BfFettfRRAK9",NA,40
"2025-02-18","2025-02-18","2025-02-18","Batch 6","Operating Expenditure (OPEX)","","Transportation Costs","","","From kiziri to busiika and back to the farm ",1,4000,4000,4000,"Balance of the withdrawn money and the one that was added ","1739893955798.jpg","https://kc.kobotoolbox.org/media/original?media_file=mattkuch87%2Fattachments%2F465cf73fec9d4570897ec1ad4b0948db%2Fb2d8cdd4-dcd1-498c-9224-6e88b4819126%2F1739893955798.jpg",442365455,"b2d8cdd4-dcd1-498c-9224-6e88b4819126","2025-02-18",NA,NA,"submitted_via_web","mattkuch87","vndXtdUm72BfFettfRRAK9",NA,41
"2025-02-18","2025-02-18","2025-02-18","Batch 5","Operating Expenditure (OPEX)","","Other Operating Expenses","","","Match boxes ",10,1000,1000,10000,"Balance from the charcoal ","1739899465623.jpg","https://kc.kobotoolbox.org/media/original?media_file=mattkuch87%2Fattachments%2F465cf73fec9d4570897ec1ad4b0948db%2Fc599fd5b-a63c-4386-8d9d-f3f20e3b3336%2F1739899465623.jpg",442402143,"c599fd5b-a63c-4386-8d9d-f3f20e3b3336","2025-02-18",NA,NA,"submitted_via_web","mattkuch87","vndXtdUm72BfFettfRRAK9",NA,42
"2025-02-23","2025-02-23","2025-02-23","Batch 5","Cost of Goods Sold (COGS)","","","Veterinary Supplies","","Doxin",1,24000,24000,24000,"Money received on mobile ","1740325145275.jpg","https://kc.kobotoolbox.org/media/original?media_file=mattkuch87%2Fattachments%2F465cf73fec9d4570897ec1ad4b0948db%2Fbbaafe3b-4dc4-422c-b477-78117dc3130c%2F1740325145275.jpg",444369587,"bbaafe3b-4dc4-422c-b477-78117dc3130c","2025-02-23",NA,NA,"submitted_via_web","mattkuch87","vndXtdUm72BfFettfRRAK9",NA,71
"2025-02-23","2025-02-23","2025-02-23","Batch 6","Operating Expenditure (OPEX)","","Transportation Costs","","","Transport to kiwenda and back to the farm ",1,4000,4000,4000,"Money received on mobile ","1740325908647.jpg","https://kc.kobotoolbox.org/media/original?media_file=mattkuch87%2Fattachments%2F465cf73fec9d4570897ec1ad4b0948db%2Fe6cc6486-2ba8-4dd5-a304-99793694facf%2F1740325908647.jpg",444373193,"e6cc6486-2ba8-4dd5-a304-99793694facf","2025-02-23",NA,NA,"submitted_via_web","mattkuch87","vndXtdUm72BfFettfRRAK9",NA,75
"2025-02-24","2025-02-24","2025-02-24","Batch 6","Cost of Goods Sold (COGS)","","","Feed Costs","","Hendrix concentrate ",50,4300,215000,215000,"Money received on mobile ","1740414211910.jpg","https://kc.kobotoolbox.org/media/original?media_file=mattkuch87%2Fattachments%2F465cf73fec9d4570897ec1ad4b0948db%2Fc0c38da3-3bcd-4608-aede-0c96d7c62048%2F1740414211910.jpg",444820874,"c0c38da3-3bcd-4608-aede-0c96d7c62048","2025-02-24",NA,NA,"submitted_via_web","mattkuch87","vndXtdUm72BfFettfRRAK9",NA,78
"2025-02-24","2025-02-24","2025-02-24","Batch 6","Cost of Goods Sold (COGS)","","","Feed Costs","","Broken maize ",120,1300,156000,156000,"Money received on mobile ","1740414332490.jpg","https://kc.kobotoolbox.org/media/original?media_file=mattkuch87%2Fattachments%2F465cf73fec9d4570897ec1ad4b0948db%2F551b5c2d-3e23-44b4-b722-9e85e51ecbee%2F1740414332490.jpg",444821901,"551b5c2d-3e23-44b4-b722-9e85e51ecbee","2025-02-24",NA,NA,"submitted_via_web","mattkuch87","vndXtdUm72BfFettfRRAK9",NA,79
"2025-02-24","2025-02-24","2025-02-24","Batch 7","Cost of Goods Sold (COGS)","","","Chicks Purchased","","Purchase of day old chicks ",350,3200,1120000,1120000,"Money received on mobile ","1740414636997.jpg","https://kc.kobotoolbox.org/media/original?media_file=mattkuch87%2Fattachments%2F465cf73fec9d4570897ec1ad4b0948db%2F2eb3848b-9ca1-4a92-b261-e3c80eed1f4b%2F1740414636997.jpg",444824027,"2eb3848b-9ca1-4a92-b261-e3c80eed1f4b","2025-02-24",NA,NA,"submitted_via_web","mattkuch87","vndXtdUm72BfFettfRRAK9",NA,80
"2025-02-24","2025-02-24","2025-02-24","Batch 6","Operating Expenditure (OPEX)","","Transportation Costs","","","Transport from the farm to kiwenda and to busiika then back to the farm ",1,8000,8000,8000,"Money received on mobile ","1740414869240.jpg","https://kc.kobotoolbox.org/media/original?media_file=mattkuch87%2Fattachments%2F465cf73fec9d4570897ec1ad4b0948db%2F54119b76-c882-424d-8802-23c51e28f63c%2F1740414869240.jpg",444825572,"54119b76-c882-424d-8802-23c51e28f63c","2025-02-24",NA,NA,"submitted_via_web","mattkuch87","vndXtdUm72BfFettfRRAK9",NA,81
"2025-02-24","2025-02-24","2025-02-24","Batch 4","Cost of Goods Sold (COGS)","","","Veterinary Supplies","","Gombolo vaccine ",1000,15,15000,15000,"Money received on mobile ","1740415049589.jpg","https://kc.kobotoolbox.org/media/original?media_file=mattkuch87%2Fattachments%2F465cf73fec9d4570897ec1ad4b0948db%2Fc9884907-5b05-4cef-a68a-364f09209568%2F1740415049589.jpg",444826907,"c9884907-5b05-4cef-a68a-364f09209568","2025-02-24",NA,NA,"submitted_via_web","mattkuch87","vndXtdUm72BfFettfRRAK9",NA,82
"2025-02-24","2025-02-24","2025-02-24","Batch 6","Operating Expenditure (OPEX)","","Other Operating Expenses","","","Dry cells for the weighing scale ",2,250,500,500,"Money received on mobile ","1740415557490.jpg","https://kc.kobotoolbox.org/media/original?media_file=mattkuch87%2Fattachments%2F465cf73fec9d4570897ec1ad4b0948db%2F62dcbde1-0daf-4b94-9a63-3db893d328c8%2F1740415557490.jpg",444830372,"62dcbde1-0daf-4b94-9a63-3db893d328c8","2025-02-24",NA,NA,"submitted_via_web","mattkuch87","vndXtdUm72BfFettfRRAK9",NA,83
"2025-02-24","2025-02-24","2025-02-21","Batch 6","Operating Expenditure (OPEX)","","Transportation Costs","","","Transport from the farm to busiika and back to the farm ",1,4000,4000,4000,"Money received on mobile ","1740417382896.jpg","https://kc.kobotoolbox.org/media/original?media_file=mattkuch87%2Fattachments%2F465cf73fec9d4570897ec1ad4b0948db%2F67914fdb-46b0-47bd-bbf3-dc79f07f3b95%2F1740417382896.jpg",444843377,"67914fdb-46b0-47bd-bbf3-dc79f07f3b95","2025-02-24",NA,NA,"submitted_via_web","mattkuch87","vndXtdUm72BfFettfRRAK9",NA,84
"2025-02-25","2025-02-25","2025-02-25","Batch 6","Operating Expenditure (OPEX)","","Other Operating Expenses","","","Omo detergent ",10,500,5000,5000,"Balance from the door job","1740495028589.jpg","https://kc.kobotoolbox.org/media/original?media_file=mattkuch87%2Fattachments%2F465cf73fec9d4570897ec1ad4b0948db%2F5787cfa3-523b-4844-8fcb-fb46fec9dc5d%2F1740495028589.jpg",445386984,"5787cfa3-523b-4844-8fcb-fb46fec9dc5d","2025-02-25",NA,NA,"submitted_via_web","mattkuch87","vndXtdUm72BfFettfRRAK9",NA,85
"2025-02-26","2025-02-26","2025-02-26","Batch 4","Cost of Goods Sold (COGS)","","","Feed Costs","","Broken maize ",140,1300,182000,182000,"Money received on mobile ","1740554309453.jpg","https://kc.kobotoolbox.org/media/original?media_file=mattkuch87%2Fattachments%2F465cf73fec9d4570897ec1ad4b0948db%2Fcf78d8ed-4e74-4b94-b3c4-0ad826eee37c%2F1740554309453.jpg",445632467,"cf78d8ed-4e74-4b94-b3c4-0ad826eee37c","2025-02-26",NA,NA,"submitted_via_web","mattkuch87","vndXtdUm72BfFettfRRAK9",NA,86
"2025-02-26","2025-02-26","2025-02-26","Batch 4","Cost of Goods Sold (COGS)","","","Feed Costs","","Hendrix concentrate ",50,4300,215000,215000,"Money received on mobile ","1740555965431.jpg","https://kc.kobotoolbox.org/media/original?media_file=mattkuch87%2Fattachments%2F465cf73fec9d4570897ec1ad4b0948db%2F50eb2c77-fcc5-42c5-9670-a4c438e312f9%2F1740555965431.jpg",445633252,"50eb2c77-fcc5-42c5-9670-a4c438e312f9","2025-02-26",NA,NA,"submitted_via_web","mattkuch87","vndXtdUm72BfFettfRRAK9",NA,87
"2025-02-26","2025-02-26","2025-02-26","Batch 4","Cost of Goods Sold (COGS)","","","Feed Costs","","Broiler grower ",50,2800,140000,140000,"Money received on mobile ","1740556155250.jpg","https://kc.kobotoolbox.org/media/original?media_file=mattkuch87%2Fattachments%2F465cf73fec9d4570897ec1ad4b0948db%2Fbec52d4f-c247-41eb-b1b2-468c7599b38c%2F1740556155250.jpg",445634379,"bec52d4f-c247-41eb-b1b2-468c7599b38c","2025-02-26",NA,NA,"submitted_via_web","mattkuch87","vndXtdUm72BfFettfRRAK9",NA,88
"2025-02-26","2025-02-26","2025-02-26","Batch 5","Cost of Goods Sold (COGS)","","","Feed Costs","","Broken maize ",120,1300,156000,156000,"Money received on mobile ","1740556288160.jpg","https://kc.kobotoolbox.org/media/original?media_file=mattkuch87%2Fattachments%2F465cf73fec9d4570897ec1ad4b0948db%2F1a80e4a4-9812-4321-be35-10564b3052cf%2F1740556288160.jpg",445635166,"1a80e4a4-9812-4321-be35-10564b3052cf","2025-02-26",NA,NA,"submitted_via_web","mattkuch87","vndXtdUm72BfFettfRRAK9",NA,89
"2025-02-26","2025-02-26","2025-02-26","Batch 5","Cost of Goods Sold (COGS)","","","Feed Costs","","Hendrix concentrate ",50,4300,215000,215000,"Money received on mobile ","1740556389575.jpg","https://kc.kobotoolbox.org/media/original?media_file=mattkuch87%2Fattachments%2F465cf73fec9d4570897ec1ad4b0948db%2F92109072-5f6e-4580-a3e4-c9da199f9f51%2F1740556389575.jpg",445635933,"92109072-5f6e-4580-a3e4-c9da199f9f51","2025-02-26",NA,NA,"submitted_via_web","mattkuch87","vndXtdUm72BfFettfRRAK9",NA,90
"2025-02-26","2025-02-26","2025-02-26","Batch 4","Operating Expenditure (OPEX)","","Transportation Costs","","","Transport from kiziri to kiwenda and to busiika then back to the farm ",1,8000,8000,8000,"Money received on mobile ","1740556581897.jpg","https://kc.kobotoolbox.org/media/original?media_file=mattkuch87%2Fattachments%2F465cf73fec9d4570897ec1ad4b0948db%2F75ce6904-2c42-42ad-8922-339b27c10f96%2F1740556581897.jpg",445637484,"75ce6904-2c42-42ad-8922-339b27c10f96","2025-02-26",NA,NA,"submitted_via_web","mattkuch87","vndXtdUm72BfFettfRRAK9",NA,91
"2025-02-26","2025-02-26","2025-02-26","Batch 5","Operating Expenditure (OPEX)","","Transportation Costs","","","Transport from kiziri to kiwenda and to busiika then back to the farm ",1,8000,8000,8000,"Money received on mobile ","1740556708981.jpg","https://kc.kobotoolbox.org/media/original?media_file=mattkuch87%2Fattachments%2F465cf73fec9d4570897ec1ad4b0948db%2F2efd2423-86f1-4b7e-af4d-28b09c5bf1ce%2F1740556708981.jpg",445638450,"2efd2423-86f1-4b7e-af4d-28b09c5bf1ce","2025-02-26",NA,NA,"submitted_via_web","mattkuch87","vndXtdUm72BfFettfRRAK9",NA,92
"2025-02-28","2025-02-28","2025-02-28","Batch 7","Operating Expenditure (OPEX)","","Other Operating Expenses","","","Wood shavings ",10,5000,50000,50000,"Money received on mobile ","1740718275141.jpg","https://kc.kobotoolbox.org/media/original?media_file=mattkuch87%2Fattachments%2F465cf73fec9d4570897ec1ad4b0948db%2F6d1ebd01-f3c3-4351-bb72-4c73c09afd81%2F1740718275141.jpg",446496652,"6d1ebd01-f3c3-4351-bb72-4c73c09afd81","2025-02-28",NA,NA,"submitted_via_web","mattkuch87","vndXtdUm72BfFettfRRAK9",NA,93
"2025-02-28","2025-02-28","2025-02-28","Batch 7","Operating Expenditure (OPEX)","","Transportation Costs","","","Transport of the wood shavings ",1,10000,10000,10000,"Money received on mobile ","1740718472419.jpg","https://kc.kobotoolbox.org/media/original?media_file=mattkuch87%2Fattachments%2F465cf73fec9d4570897ec1ad4b0948db%2Fd5e174d9-8330-407d-90c0-0b9e6e521b7c%2F1740718472419.jpg",446497269,"d5e174d9-8330-407d-90c0-0b9e6e521b7c","2025-02-28",NA,NA,"submitted_via_web","mattkuch87","vndXtdUm72BfFettfRRAK9",NA,94
"2025-02-28","2025-02-28","2025-02-28","Batch 4","Operating Expenditure (OPEX)","","Salaries and Wages","","","Nicholas salary ",1,235000,235000,235000,"End of February ","1740729727032.jpg","https://kc.kobotoolbox.org/media/original?media_file=mattkuch87%2Fattachments%2F465cf73fec9d4570897ec1ad4b0948db%2Fe5fe4daa-0474-404a-ae8f-4912ee020ccb%2F1740729727032.jpg",446544819,"e5fe4daa-0474-404a-ae8f-4912ee020ccb","2025-02-28",NA,NA,"submitted_via_web","mattkuch87","vndXtdUm72BfFettfRRAK9",NA,96
"2025-03-02","2025-03-02","2025-01-28","Batch 4","Cost of Goods Sold (COGS)","","","Feed Costs","","Starter Crumble",100,2800,280000,280000,"Starter Crumble for 1st 2 weeks","1740896056068.jpg","https://kc.kobotoolbox.org/media/original?media_file=mattkuch87%2Fattachments%2F465cf73fec9d4570897ec1ad4b0948db%2F637991a2-4d78-4de5-9e09-a8769255bedf%2F1740896056068.jpg",447160402,"637991a2-4d78-4de5-9e09-a8769255bedf","2025-03-02",NA,NA,"submitted_via_web","mattkuch87","vndXtdUm72BfFettfRRAK9",NA,97
"2025-03-02","2025-03-02","2025-01-26","Batch 4","Operating Expenditure (OPEX)","","Salaries and Wages","","","Half salary for Nico - 1st month ",1,112500,112500,112500,"Nicholas half salary ","1740896891880.jpg","https://kc.kobotoolbox.org/media/original?media_file=mattkuch87%2Fattachments%2F465cf73fec9d4570897ec1ad4b0948db%2Fbda168fb-03e0-43ad-9344-369d64a08dea%2F1740896891880.jpg",447162310,"bda168fb-03e0-43ad-9344-369d64a08dea","2025-03-02",NA,NA,"submitted_via_web","mattkuch87","vndXtdUm72BfFettfRRAK9",NA,98
"2025-03-02","2025-03-02","2025-01-28","Batch 4","Operating Expenditure (OPEX)","","Transportation Costs","","","Transporting batch 4 from supplier to farm ",1,20000,20000,20000,"Picking up batch 4 from supplier ","1740897508456.jpg","https://kc.kobotoolbox.org/media/original?media_file=mattkuch87%2Fattachments%2F465cf73fec9d4570897ec1ad4b0948db%2F5d1fb487-f0c0-42fa-859b-fea37d3d9649%2F1740897508456.jpg",447164236,"5d1fb487-f0c0-42fa-859b-fea37d3d9649","2025-03-02",NA,NA,"submitted_via_web","mattkuch87","vndXtdUm72BfFettfRRAK9",NA,99
"2025-03-06","2025-03-06","2025-03-03","Batch 6","Cost of Goods Sold (COGS)","","","Feed Costs","","Broken maize ",120,1350,162000,162000,"Cash at hand ","1741281809526.jpg","https://kc.kobotoolbox.org/media/original?media_file=mattkuch87%2Fattachments%2F465cf73fec9d4570897ec1ad4b0948db%2Fbb209c8d-2476-4277-b5d0-f0c2fa2a5ffe%2F1741281809526.jpg",448924419,"bb209c8d-2476-4277-b5d0-f0c2fa2a5ffe","2025-03-06",NA,NA,"submitted_via_web","mattkuch87","vndXtdUm72BfFettfRRAK9",NA,100
"2025-03-06","2025-03-06","2025-03-03","Batch 6","Cost of Goods Sold (COGS)","","","Feed Costs","","Hendrix concentrate ",100,4300,430000,430000,"Cash at hand ","1741281954746.jpg","https://kc.kobotoolbox.org/media/original?media_file=mattkuch87%2Fattachments%2F465cf73fec9d4570897ec1ad4b0948db%2Fc2e5ad0b-98d4-48ba-bc30-e2ef9a027154%2F1741281954746.jpg",448925175,"c2e5ad0b-98d4-48ba-bc30-e2ef9a027154","2025-03-06",NA,NA,"submitted_via_web","mattkuch87","vndXtdUm72BfFettfRRAK9",NA,101
"2025-03-06","2025-03-06","2025-03-03","Batch 6","Operating Expenditure (OPEX)","","Transportation Costs","","","From the farm to kiwenda and to busiika then back to the farm ",1,8000,8000,8000,"Cash at hand ","1741282066992.jpg","https://kc.kobotoolbox.org/media/original?media_file=mattkuch87%2Fattachments%2F465cf73fec9d4570897ec1ad4b0948db%2F009245e0-0c62-4a3d-a87a-34c69c0a1b49%2F1741282066992.jpg",448925863,"009245e0-0c62-4a3d-a87a-34c69c0a1b49","2025-03-06",NA,NA,"submitted_via_web","mattkuch87","vndXtdUm72BfFettfRRAK9",NA,102
"2025-03-06","2025-03-06","2025-03-06","Batch 4","Cost of Goods Sold (COGS)","","","Feed Costs","","Broken maize ",100,1400,140000,140000,"Cash at hand ","1741282217856.jpg","https://kc.kobotoolbox.org/media/original?media_file=mattkuch87%2Fattachments%2F465cf73fec9d4570897ec1ad4b0948db%2F0018a5c5-4e70-405e-b761-9329406d7604%2F1741282217856.jpg",448927114,"0018a5c5-4e70-405e-b761-9329406d7604","2025-03-06",NA,NA,"submitted_via_web","mattkuch87","vndXtdUm72BfFettfRRAK9",NA,103
"2025-03-06","2025-03-06","2025-03-06","Batch 4","Cost of Goods Sold (COGS)","","","Feed Costs","","Hendrix concentrate ",25,4300,107500,107500,"Cash at hand ","1741282471715.jpg","https://kc.kobotoolbox.org/media/original?media_file=mattkuch87%2Fattachments%2F465cf73fec9d4570897ec1ad4b0948db%2Feede1ce3-f327-4071-bf2c-bda51aef0ace%2F1741282471715.jpg",448928182,"eede1ce3-f327-4071-bf2c-bda51aef0ace","2025-03-06",NA,NA,"submitted_via_web","mattkuch87","vndXtdUm72BfFettfRRAK9",NA,104
"2025-03-06","2025-03-06","2025-03-06","Batch 4","Operating Expenditure (OPEX)","","Transportation Costs","","","From the farm to kiwenda and to busiika then back to the farm ",1,12000,12000,12000,"Cash at hand ","1741282664331.jpg","https://kc.kobotoolbox.org/media/original?media_file=mattkuch87%2Fattachments%2F465cf73fec9d4570897ec1ad4b0948db%2F22486f26-5fd4-419d-b25f-fbfe6df042f3%2F1741282664331.jpg",448929376,"22486f26-5fd4-419d-b25f-fbfe6df042f3","2025-03-06",NA,NA,"submitted_via_web","mattkuch87","vndXtdUm72BfFettfRRAK9",NA,105
"2025-03-06","2025-03-06","2025-03-06","Batch 5","Cost of Goods Sold (COGS)","","","Feed Costs","","Broken maize ",130,1400,182000,182000,"Cash at hand ","1741282772450.jpg","https://kc.kobotoolbox.org/media/original?media_file=mattkuch87%2Fattachments%2F465cf73fec9d4570897ec1ad4b0948db%2Ff8e6acc9-4ffe-4fc4-a838-32ce441166ed%2F1741282772450.jpg",448929893,"f8e6acc9-4ffe-4fc4-a838-32ce441166ed","2025-03-06",NA,NA,"submitted_via_web","mattkuch87","vndXtdUm72BfFettfRRAK9",NA,106
"2025-03-06","2025-03-06","2025-03-06","Batch 5","Cost of Goods Sold (COGS)","","","Feed Costs","","Hendrix concentrate ",50,4300,215000,215000,"Cash at hand ","1741282918899.jpg","https://kc.kobotoolbox.org/media/original?media_file=mattkuch87%2Fattachments%2F465cf73fec9d4570897ec1ad4b0948db%2Fd0e4294e-8f99-41aa-beb8-4978255a55c4%2F1741282918899.jpg",448930601,"d0e4294e-8f99-41aa-beb8-4978255a55c4","2025-03-06",NA,NA,"submitted_via_web","mattkuch87","vndXtdUm72BfFettfRRAK9",NA,107
"2025-03-06","2025-03-06","2025-03-04","Batch 4","Revenues","","","","Sales Revenue (Broilers, Eggs, etc.)","Sold out chicken ",2,15000,30000,30000,"Tomsingwe","1741283262765.jpg","https://kc.kobotoolbox.org/media/original?media_file=mattkuch87%2Fattachments%2F465cf73fec9d4570897ec1ad4b0948db%2F49eedcc9-12d6-4432-b71c-c75126266f3d%2F1741283262765.jpg",448932399,"49eedcc9-12d6-4432-b71c-c75126266f3d","2025-03-06",NA,NA,"submitted_via_web","mattkuch87","vndXtdUm72BfFettfRRAK9",NA,108
"2025-03-06","2025-03-06","2025-03-04","Batch 4","Revenues","","","","Sales Revenue (Broilers, Eggs, etc.)","Sold out chicken ",1,15000,15000,15000,"New customer ","1741283393073.jpg","https://kc.kobotoolbox.org/media/original?media_file=mattkuch87%2Fattachments%2F465cf73fec9d4570897ec1ad4b0948db%2F821f7a5c-5582-4966-aa30-56c003bf9fca%2F1741283393073.jpg",448933168,"821f7a5c-5582-4966-aa30-56c003bf9fca","2025-03-06",NA,NA,"submitted_via_web","mattkuch87","vndXtdUm72BfFettfRRAK9",NA,109
"2025-03-06","2025-03-06","2025-03-05","Batch 4","Revenues","","","","Sales Revenue (Broilers, Eggs, etc.)","Sold out chicken ",1,15000,15000,15000,"Supportive client ","1741283522233.jpg","https://kc.kobotoolbox.org/media/original?media_file=mattkuch87%2Fattachments%2F465cf73fec9d4570897ec1ad4b0948db%2Fd510f2e3-bb23-4ae0-b2aa-3702cb3ebbd8%2F1741283522233.jpg",448933927,"d510f2e3-bb23-4ae0-b2aa-3702cb3ebbd8","2025-03-06",NA,NA,"submitted_via_web","mattkuch87","vndXtdUm72BfFettfRRAK9",NA,110
"2025-03-06","2025-03-06","2025-03-05","Batch 4","Revenues","","","","Sales Revenue (Broilers, Eggs, etc.)","Sold out chicken ",13,14000,182000,182000,"Regular client ","1741283670345.jpg","https://kc.kobotoolbox.org/media/original?media_file=mattkuch87%2Fattachments%2F465cf73fec9d4570897ec1ad4b0948db%2Ff33ae31a-e575-45e5-8969-daf4c36260f8%2F1741283670345.jpg",448934798,"f33ae31a-e575-45e5-8969-daf4c36260f8","2025-03-06",NA,NA,"submitted_via_web","mattkuch87","vndXtdUm72BfFettfRRAK9",NA,111
"2025-03-06","2025-03-06","2025-03-06","Batch 4","Revenues","","","","Sales Revenue (Broilers, Eggs, etc.)","Sold out chicken ",7,14000,98000,98000,"Regular client ","1741283782961.jpg","https://kc.kobotoolbox.org/media/original?media_file=mattkuch87%2Fattachments%2F465cf73fec9d4570897ec1ad4b0948db%2F085e02b9-c673-420a-a0f3-e8962edb23aa%2F1741283782961.jpg",448935487,"085e02b9-c673-420a-a0f3-e8962edb23aa","2025-03-06",NA,NA,"submitted_via_web","mattkuch87","vndXtdUm72BfFettfRRAK9",NA,112
"2025-03-06","2025-03-06","2025-03-06","Batch 4","Revenues","","","","Sales Revenue (Broilers, Eggs, etc.)","Sold out chicken ",3,15000,45000,45000,"New customer ","1741283879530.jpg","https://kc.kobotoolbox.org/media/original?media_file=mattkuch87%2Fattachments%2F465cf73fec9d4570897ec1ad4b0948db%2F44537317-f48b-4702-a4cf-fb8a6e2df3d3%2F1741283879530.jpg",448936040,"44537317-f48b-4702-a4cf-fb8a6e2df3d3","2025-03-06",NA,NA,"submitted_via_web","mattkuch87","vndXtdUm72BfFettfRRAK9",NA,113
"2025-03-07","2025-03-07","2025-03-07","Batch 7","Cost of Goods Sold (COGS)","","","Feed Costs","","Hendrix starter crumble ",150,2940,441000,441000,"Money received on mobile ","1741375498773.jpg","https://kc.kobotoolbox.org/media/original?media_file=mattkuch87%2Fattachments%2F465cf73fec9d4570897ec1ad4b0948db%2F64c72468-70c8-46f3-8748-2d7f0d36f760%2F1741375498773.jpg",449347409,"64c72468-70c8-46f3-8748-2d7f0d36f760","2025-03-07",NA,NA,"submitted_via_web","mattkuch87","vndXtdUm72BfFettfRRAK9",NA,114
"2025-03-07","2025-03-07","2025-03-07","Batch 7","Operating Expenditure (OPEX)","","Transportation Costs","","","Transport from the farm to busiika and back to the farm ",1,9000,9000,9000,"Money received on mobile ","1741375689143.jpg","https://kc.kobotoolbox.org/media/original?media_file=mattkuch87%2Fattachments%2F465cf73fec9d4570897ec1ad4b0948db%2F9664e680-11a7-4070-915b-3d63855a57bf%2F1741375689143.jpg",449348411,"9664e680-11a7-4070-915b-3d63855a57bf","2025-03-07",NA,NA,"submitted_via_web","mattkuch87","vndXtdUm72BfFettfRRAK9",NA,115
"2025-03-07","2025-03-07","2025-03-07","Batch 4","Revenues","","","","Sales Revenue (Broilers, Eggs, etc.)","Sold out chicken ",5,14000,70000,70000,"Routine customer ","1741376701635.jpg","https://kc.kobotoolbox.org/media/original?media_file=mattkuch87%2Fattachments%2F465cf73fec9d4570897ec1ad4b0948db%2F7fdf0b49-de85-43b6-8fbb-1e04df2b195a%2F1741376701635.jpg",449352644,"7fdf0b49-de85-43b6-8fbb-1e04df2b195a","2025-03-07",NA,NA,"submitted_via_web","mattkuch87","vndXtdUm72BfFettfRRAK9",NA,116
"2025-03-07","2025-03-07","2025-03-07","Batch 4","Revenues","","","","Sales Revenue (Broilers, Eggs, etc.)","Sold out chicken ",4,14000,56000,56000,"New customer ","1741376802321.jpg","https://kc.kobotoolbox.org/media/original?media_file=mattkuch87%2Fattachments%2F465cf73fec9d4570897ec1ad4b0948db%2F1c57db7e-8ea0-4e84-8ffa-b0197d05c94e%2F1741376802321.jpg",449353009,"1c57db7e-8ea0-4e84-8ffa-b0197d05c94e","2025-03-07",NA,NA,"submitted_via_web","mattkuch87","vndXtdUm72BfFettfRRAK9",NA,117
